﻿<?xml version="1.0" encoding="utf-8"?>
<DacOrigin xmlns="http://schemas.microsoft.com/sqlserver/dac/Serialization/2012/02">
  <PackageProperties>
    <Version>3.1.0.0</Version>
    <ContainsExportedData>true</ContainsExportedData>
    <StreamVersions>
      <Version StreamName="Data">2.0.0.0</Version>
      <Version StreamName="DeploymentContributors">1.0.0.0</Version>
    </StreamVersions>
  </PackageProperties>
  <Operation>
    <Identity>6b315641-914c-48c4-a453-f77174bb5322</Identity>
    <Start>2024-12-19T10:40:41.7144038+00:00</Start>
    <End>0001-01-01T00:00:00.0000000</End>
    <ProductName>Microsoft.SqlServer.Dac, Version=162.0.0.0, Culture=neutral, PublicKeyToken=b03f5f7f11d50a3a</ProductName>
    <ProductVersion>162.2.14.0</ProductVersion>
    <ProductSchema>http://schemas.microsoft.com/sqlserver/dac/Serialization/2012/02</ProductSchema>
  </Operation>
  <Server>
    <ServerVersion>Microsoft SQL Azure (RTM) - 12.0.2000.8 
	Oct  2 2024 11:51:41 
	Copyright (C) 2022 Microsoft Corporation
</ServerVersion>
    <ObjectCounts>
      <CheckConstraint>1</CheckConstraint>
      <ComputedColumn>16</ComputedColumn>
      <DatabaseOptions>1</DatabaseOptions>
      <DmlTrigger>3</DmlTrigger>
      <ForeignKeyConstraint>30</ForeignKeyConstraint>
      <Index>9</Index>
      <Login>73</Login>
      <PermissionStatement>102</PermissionStatement>
      <PrimaryKeyConstraint>17</PrimaryKeyConstraint>
      <Procedure>29</Procedure>
      <Role>4</Role>
      <RoleMembership>73</RoleMembership>
      <SimpleColumn>84</SimpleColumn>
      <SubroutineParameter>93</SubroutineParameter>
      <Table>17</Table>
      <User>73</User>
      <View>2</View>
    </ObjectCounts>
  </Server>
  <ExportStatistics>
    <SourceDatabaseSize>10216</SourceDatabaseSize>
    <TableRowCountTotalTag>1191</TableRowCountTotalTag>
  </ExportStatistics>
  <Checksums>
    <Checksum Uri="/model.xml">356EBC441913B8528BA1D4C3C79471928EFE35CB055E9E18A2ED169EFA550A39</Checksum>
  </Checksums>
  <ModelSchemaVersion>2.5</ModelSchemaVersion>
  <DataPhaseTables>dbo.Course,dbo.studentExam,dbo.users,dbo.student,dbo.Exam,dbo.instructor,dbo.track,dbo.MCQ_Question,dbo.instructorCourse,dbo.questionExam,dbo.branch,dbo.TrueFalse_Question,dbo.studentAnswer,dbo.TextQuestion,dbo.Intake,dbo.trainingManager,dbo.question</DataPhaseTables>
</DacOrigin>